{
  "POST Char." : {
    "transaction" : "POST Char.",
    "sampleCount" : 2000,
    "errorCount" : 0,
    "errorPct" : 0.0,
    "meanResTime" : 12.451500000000008,
    "medianResTime" : 6.0,
    "minResTime" : 0.0,
    "maxResTime" : 104.0,
    "pct1ResTime" : 41.0,
    "pct2ResTime" : 48.0,
    "pct3ResTime" : 58.98000000000002,
    "throughput" : 375.23452157598496,
    "receivedKBytesPerSec" : 86.11339118198875,
    "sentKBytesPerSec" : 85.0140712945591
  },
  "DELETE Char." : {
    "transaction" : "DELETE Char.",
    "sampleCount" : 2000,
    "errorCount" : 0,
    "errorPct" : 0.0,
    "meanResTime" : 12.638999999999994,
    "medianResTime" : 5.0,
    "minResTime" : 1.0,
    "maxResTime" : 88.0,
    "pct1ResTime" : 51.0,
    "pct2ResTime" : 55.0,
    "pct3ResTime" : 58.0,
    "throughput" : 376.6478342749529,
    "receivedKBytesPerSec" : 91.5872175141243,
    "sentKBytesPerSec" : 78.34569209039549
  },
  "GET Characters" : {
    "transaction" : "GET Characters",
    "sampleCount" : 2000,
    "errorCount" : 0,
    "errorPct" : 0.0,
    "meanResTime" : 1256.4379999999996,
    "medianResTime" : 55.0,
    "minResTime" : 1.0,
    "maxResTime" : 4385.0,
    "pct1ResTime" : 3484.0,
    "pct2ResTime" : 3984.0,
    "pct3ResTime" : 4240.96,
    "throughput" : 374.3215422047539,
    "receivedKBytesPerSec" : 99.4732082280554,
    "sentKBytesPerSec" : 46.059096013475575
  },
  "GET Char. ID" : {
    "transaction" : "GET Char. ID",
    "sampleCount" : 2000,
    "errorCount" : 0,
    "errorPct" : 0.0,
    "meanResTime" : 12.99900000000002,
    "medianResTime" : 7.0,
    "minResTime" : 0.0,
    "maxResTime" : 123.0,
    "pct1ResTime" : 37.0,
    "pct2ResTime" : 47.0,
    "pct3ResTime" : 68.0,
    "throughput" : 374.9531308586427,
    "receivedKBytesPerSec" : 70.3037120359955,
    "sentKBytesPerSec" : 46.869141357330335
  },
  "Total" : {
    "transaction" : "Total",
    "sampleCount" : 10000,
    "errorCount" : 0,
    "errorPct" : 0.0,
    "meanResTime" : 261.43139999999966,
    "medianResTime" : 6.0,
    "minResTime" : 0.0,
    "maxResTime" : 4385.0,
    "pct1ResTime" : 80.79999999999927,
    "pct2ResTime" : 2539.899999999998,
    "pct3ResTime" : 3984.0,
    "throughput" : 1870.2075930428277,
    "receivedKBytesPerSec" : 432.1642465985599,
    "sentKBytesPerSec" : 340.8015008415934
  },
  "PUT Char." : {
    "transaction" : "PUT Char.",
    "sampleCount" : 2000,
    "errorCount" : 0,
    "errorPct" : 0.0,
    "meanResTime" : 12.629499999999998,
    "medianResTime" : 5.0,
    "minResTime" : 1.0,
    "maxResTime" : 106.0,
    "pct1ResTime" : 45.0,
    "pct2ResTime" : 55.0,
    "pct3ResTime" : 66.99000000000001,
    "throughput" : 375.5868544600939,
    "receivedKBytesPerSec" : 86.19424882629107,
    "sentKBytesPerSec" : 85.82746478873239
  }
}