{
  "POST Char." : {
    "transaction" : "POST Char.",
    "sampleCount" : 20000,
    "errorCount" : 650,
    "errorPct" : 3.25,
    "meanResTime" : 417.6756500000003,
    "medianResTime" : 7.0,
    "minResTime" : 0.0,
    "maxResTime" : 65160.0,
    "pct1ResTime" : 115.0,
    "pct2ResTime" : 251.0,
    "pct3ResTime" : 13617.950000000008,
    "throughput" : 282.77744001583557,
    "receivedKBytesPerSec" : 86.30969475942709,
    "sentKBytesPerSec" : 61.98459393159614
  },
  "DELETE Char." : {
    "transaction" : "DELETE Char.",
    "sampleCount" : 20000,
    "errorCount" : 262,
    "errorPct" : 1.31,
    "meanResTime" : 227.64440000000016,
    "medianResTime" : 7.0,
    "minResTime" : 0.0,
    "maxResTime" : 65295.0,
    "pct1ResTime" : 48.0,
    "pct2ResTime" : 170.0,
    "pct3ResTime" : 503.0,
    "throughput" : 282.88543140028287,
    "receivedKBytesPerSec" : 77.4004514011669,
    "sentKBytesPerSec" : 58.07154459865629
  },
  "GET Characters" : {
    "transaction" : "GET Characters",
    "sampleCount" : 20000,
    "errorCount" : 3082,
    "errorPct" : 15.41,
    "meanResTime" : 3842.2223500000086,
    "medianResTime" : 7.0,
    "minResTime" : 0.0,
    "maxResTime" : 68667.0,
    "pct1ResTime" : 17314.500000000007,
    "pct2ResTime" : 31382.700000000004,
    "pct3ResTime" : 38551.85000000002,
    "throughput" : 282.6935037032849,
    "receivedKBytesPerSec" : 178.72472709034176,
    "sentKBytesPerSec" : 29.4242527173913
  },
  "GET Char. ID" : {
    "transaction" : "GET Char. ID",
    "sampleCount" : 20000,
    "errorCount" : 1196,
    "errorPct" : 5.98,
    "meanResTime" : 852.155599999999,
    "medianResTime" : 7.0,
    "minResTime" : 0.0,
    "maxResTime" : 65209.0,
    "pct1ResTime" : 443.0,
    "pct2ResTime" : 4937.650000000005,
    "pct3ResTime" : 18123.980000000003,
    "throughput" : 282.73746412768423,
    "receivedKBytesPerSec" : 92.78608337486041,
    "sentKBytesPerSec" : 33.228720471606096
  },
  "Total" : {
    "transaction" : "Total",
    "sampleCount" : 100000,
    "errorCount" : 5613,
    "errorPct" : 5.613,
    "meanResTime" : 1111.4048599999946,
    "medianResTime" : 6.0,
    "minResTime" : 0.0,
    "maxResTime" : 68667.0,
    "pct1ResTime" : 50.0,
    "pct2ResTime" : 3787.250000000011,
    "pct3ResTime" : 65034.98,
    "throughput" : 1413.387607417458,
    "receivedKBytesPerSec" : 513.3727723686256,
    "sentKBytesPerSec" : 245.86584124830395
  },
  "PUT Char." : {
    "transaction" : "PUT Char.",
    "sampleCount" : 20000,
    "errorCount" : 423,
    "errorPct" : 2.115,
    "meanResTime" : 217.32629999999904,
    "medianResTime" : 7.0,
    "minResTime" : 0.0,
    "maxResTime" : 65081.0,
    "pct1ResTime" : 50.0,
    "pct2ResTime" : 177.0,
    "pct3ResTime" : 8183.910000000014,
    "throughput" : 282.81342798156055,
    "receivedKBytesPerSec" : 78.3066054390325,
    "sentKBytesPerSec" : 63.26042012818518
  }
}