{
  "POST Char." : {
    "transaction" : "POST Char.",
    "sampleCount" : 26649,
    "errorCount" : 0,
    "errorPct" : 0.0,
    "meanResTime" : 244.463619648017,
    "medianResTime" : 209.0,
    "minResTime" : 1.0,
    "maxResTime" : 33911.0,
    "pct1ResTime" : 264.0,
    "pct2ResTime" : 276.0,
    "pct3ResTime" : 323.0,
    "throughput" : 348.4622626706418,
    "receivedKBytesPerSec" : 79.96936692148518,
    "sentKBytesPerSec" : 78.94848138631728
  },
  "DELETE Char." : {
    "transaction" : "DELETE Char.",
    "sampleCount" : 26280,
    "errorCount" : 0,
    "errorPct" : 0.0,
    "meanResTime" : 170.48820395738187,
    "medianResTime" : 207.0,
    "minResTime" : 1.0,
    "maxResTime" : 556.0,
    "pct1ResTime" : 263.0,
    "pct2ResTime" : 274.0,
    "pct3ResTime" : 298.0,
    "throughput" : 423.16114904031946,
    "receivedKBytesPerSec" : 102.89758409281205,
    "sentKBytesPerSec" : 88.02082494686333
  },
  "GET Characters" : {
    "transaction" : "GET Characters",
    "sampleCount" : 31185,
    "errorCount" : 1117,
    "errorPct" : 3.5818503,
    "meanResTime" : 9343.883469616776,
    "medianResTime" : 237.0,
    "minResTime" : 1.0,
    "maxResTime" : 112761.0,
    "pct1ResTime" : 65108.0,
    "pct2ResTime" : 65402.0,
    "pct3ResTime" : 107826.96,
    "throughput" : 269.86915434940636,
    "receivedKBytesPerSec" : 768.0236949509328,
    "sentKBytesPerSec" : 32.01714698933851
  },
  "GET Char. ID" : {
    "transaction" : "GET Char. ID",
    "sampleCount" : 27370,
    "errorCount" : 122,
    "errorPct" : 0.4457435,
    "meanResTime" : 1040.1967482645239,
    "medianResTime" : 216.0,
    "minResTime" : 1.0,
    "maxResTime" : 64694.0,
    "pct1ResTime" : 271.0,
    "pct2ResTime" : 303.0,
    "pct3ResTime" : 45229.0,
    "throughput" : 304.28692133232533,
    "receivedKBytesPerSec" : 59.570442783608314,
    "sentKBytesPerSec" : 37.8663227642638
  },
  "Total" : {
    "transaction" : "Total",
    "sampleCount" : 137903,
    "errorCount" : 1239,
    "errorPct" : 0.8984576,
    "meanResTime" : 2431.83584113471,
    "medianResTime" : 265.0,
    "minResTime" : 1.0,
    "maxResTime" : 112761.0,
    "pct1ResTime" : 65108.0,
    "pct2ResTime" : 65402.0,
    "pct3ResTime" : 107826.96,
    "throughput" : 1193.3867562047838,
    "receivedKBytesPerSec" : 975.0859431790648,
    "sentKBytesPerSec" : 213.29084694325695
  },
  "PUT Char." : {
    "transaction" : "PUT Char.",
    "sampleCount" : 26419,
    "errorCount" : 0,
    "errorPct" : 0.0,
    "meanResTime" : 170.45028199401983,
    "medianResTime" : 207.0,
    "minResTime" : 1.0,
    "maxResTime" : 550.0,
    "pct1ResTime" : 264.0,
    "pct2ResTime" : 275.0,
    "pct3ResTime" : 299.0,
    "throughput" : 425.28976175144885,
    "receivedKBytesPerSec" : 97.60067774569383,
    "sentKBytesPerSec" : 97.18535571273343
  }
}