{
  "POST Char." : {
    "transaction" : "POST Char.",
    "sampleCount" : 41662,
    "errorCount" : 128,
    "errorPct" : 0.3072344,
    "meanResTime" : 775.0094570591901,
    "medianResTime" : 292.0,
    "minResTime" : 1.0,
    "maxResTime" : 65560.0,
    "pct1ResTime" : 571.0,
    "pct2ResTime" : 662.0,
    "pct3ResTime" : 43982.990000000005,
    "throughput" : 207.07685731469104,
    "receivedKBytesPerSec" : 48.883343051503296,
    "sentKBytesPerSec" : 46.77170884880536
  },
  "DELETE Char." : {
    "transaction" : "DELETE Char.",
    "sampleCount" : 38280,
    "errorCount" : 31,
    "errorPct" : 0.08098224,
    "meanResTime" : 483.43030303030304,
    "medianResTime" : 316.0,
    "minResTime" : 2.0,
    "maxResTime" : 65492.0,
    "pct1ResTime" : 550.0,
    "pct2ResTime" : 626.0,
    "pct3ResTime" : 13447.730000004205,
    "throughput" : 206.23666573281898,
    "receivedKBytesPerSec" : 50.52380878021087,
    "sentKBytesPerSec" : 42.86409725832651
  },
  "GET Characters" : {
    "transaction" : "GET Characters",
    "sampleCount" : 47533,
    "errorCount" : 8677,
    "errorPct" : 18.254686,
    "meanResTime" : 23713.876885532067,
    "medianResTime" : 493.5,
    "minResTime" : 3.0,
    "maxResTime" : 143106.0,
    "pct1ResTime" : 133801.9,
    "pct2ResTime" : 134450.95,
    "pct3ResTime" : 138459.43000000025,
    "throughput" : 256.2218688515753,
    "receivedKBytesPerSec" : 1062.9716125970272,
    "sentKBytesPerSec" : 25.77209053176293
  },
  "GET Char. ID" : {
    "transaction" : "GET Char. ID",
    "sampleCount" : 46292,
    "errorCount" : 1337,
    "errorPct" : 2.8881881,
    "meanResTime" : 2121.8120193554037,
    "medianResTime" : 338.0,
    "minResTime" : 2.0,
    "maxResTime" : 131455.0,
    "pct1ResTime" : 1115.0,
    "pct2ResTime" : 30743.95,
    "pct3ResTime" : 65249.990000000005,
    "throughput" : 230.0806664049026,
    "receivedKBytesPerSec" : 57.92851930799854,
    "sentKBytesPerSec" : 27.92943801907564
  },
  "Total" : {
    "transaction" : "Total",
    "sampleCount" : 213237,
    "errorCount" : 10203,
    "errorPct" : 4.7848167,
    "meanResTime" : 6072.795687427594,
    "medianResTime" : 301.0,
    "minResTime" : 1.0,
    "maxResTime" : 143106.0,
    "pct1ResTime" : 130870.0,
    "pct2ResTime" : 133758.95,
    "pct3ResTime" : 138159.96000000002,
    "throughput" : 1059.7997067667304,
    "receivedKBytesPerSec" : 1178.8456677424765,
    "sentKBytesPerSec" : 182.7950514167764
  },
  "PUT Char." : {
    "transaction" : "PUT Char.",
    "sampleCount" : 39470,
    "errorCount" : 30,
    "errorPct" : 0.07600709,
    "meanResTime" : 474.68826957182443,
    "medianResTime" : 303.0,
    "minResTime" : 1.0,
    "maxResTime" : 114641.0,
    "pct1ResTime" : 545.9000000000015,
    "pct2ResTime" : 626.9500000000007,
    "pct3ResTime" : 6220.94000000001,
    "throughput" : 196.1905140618942,
    "receivedKBytesPerSec" : 45.354901749410985,
    "sentKBytesPerSec" : 44.79852198506825
  }
}