{
  "POST Char." : {
    "transaction" : "POST Char.",
    "sampleCount" : 12341,
    "errorCount" : 0,
    "errorPct" : 0.0,
    "meanResTime" : 120.1410744672231,
    "medianResTime" : 124.0,
    "minResTime" : 5.0,
    "maxResTime" : 433.0,
    "pct1ResTime" : 177.0,
    "pct2ResTime" : 195.0,
    "pct3ResTime" : 246.0,
    "throughput" : 407.1593533487298,
    "receivedKBytesPerSec" : 93.43989066108546,
    "sentKBytesPerSec" : 92.2470409930716
  },
  "DELETE Char." : {
    "transaction" : "DELETE Char.",
    "sampleCount" : 12194,
    "errorCount" : 0,
    "errorPct" : 0.0,
    "meanResTime" : 119.84139740856163,
    "medianResTime" : 124.0,
    "minResTime" : 4.0,
    "maxResTime" : 401.0,
    "pct1ResTime" : 177.0,
    "pct2ResTime" : 193.0,
    "pct3ResTime" : 235.0,
    "throughput" : 402.54852766406975,
    "receivedKBytesPerSec" : 97.88533534018882,
    "sentKBytesPerSec" : 83.73323866449887
  },
  "GET Characters" : {
    "transaction" : "GET Characters",
    "sampleCount" : 13119,
    "errorCount" : 0,
    "errorPct" : 0.0,
    "meanResTime" : 1828.4084152755547,
    "medianResTime" : 129.0,
    "minResTime" : 5.0,
    "maxResTime" : 32547.0,
    "pct1ResTime" : 211.0,
    "pct2ResTime" : 26858.0,
    "pct3ResTime" : 31130.0,
    "throughput" : 380.59181897302,
    "receivedKBytesPerSec" : 542.6458355997969,
    "sentKBytesPerSec" : 46.83063397519582
  },
  "GET Char. ID" : {
    "transaction" : "GET Char. ID",
    "sampleCount" : 12409,
    "errorCount" : 0,
    "errorPct" : 0.0,
    "meanResTime" : 121.29720364251745,
    "medianResTime" : 125.0,
    "minResTime" : 2.0,
    "maxResTime" : 432.0,
    "pct1ResTime" : 177.0,
    "pct2ResTime" : 199.0,
    "pct3ResTime" : 271.0,
    "throughput" : 409.32181026520647,
    "receivedKBytesPerSec" : 76.74783942472622,
    "sentKBytesPerSec" : 51.165226283150815
  },
  "Total" : {
    "transaction" : "Total",
    "sampleCount" : 62330,
    "errorCount" : 0,
    "errorPct" : 0.0,
    "meanResTime" : 479.7459329375909,
    "medianResTime" : 160.0,
    "minResTime" : 2.0,
    "maxResTime" : 32547.0,
    "pct1ResTime" : 207.0,
    "pct2ResTime" : 239.95000000000073,
    "pct3ResTime" : 29623.99,
    "throughput" : 1808.2390484479258,
    "receivedKBytesPerSec" : 859.9992973962867,
    "sentKBytesPerSec" : 327.8512678597331
  },
  "PUT Char." : {
    "transaction" : "PUT Char.",
    "sampleCount" : 12267,
    "errorCount" : 0,
    "errorPct" : 0.0,
    "meanResTime" : 119.54756664221082,
    "medianResTime" : 124.0,
    "minResTime" : 5.0,
    "maxResTime" : 400.0,
    "pct1ResTime" : 177.0,
    "pct2ResTime" : 194.0,
    "pct3ResTime" : 240.3199999999997,
    "throughput" : 404.83812415431834,
    "receivedKBytesPerSec" : 92.90718669557111,
    "sentKBytesPerSec" : 92.51183696495166
  }
}