{
  "POST Char." : {
    "transaction" : "POST Char.",
    "sampleCount" : 100,
    "errorCount" : 0,
    "errorPct" : 0.0,
    "meanResTime" : 7.41,
    "medianResTime" : 4.0,
    "minResTime" : 1.0,
    "maxResTime" : 25.0,
    "pct1ResTime" : 20.0,
    "pct2ResTime" : 22.94999999999999,
    "pct3ResTime" : 25.0,
    "throughput" : 127.7139208173691,
    "receivedKBytesPerSec" : 29.30934706257982,
    "sentKBytesPerSec" : 28.935185185185183
  },
  "DELETE Char." : {
    "transaction" : "DELETE Char.",
    "sampleCount" : 100,
    "errorCount" : 0,
    "errorPct" : 0.0,
    "meanResTime" : 8.210000000000004,
    "medianResTime" : 3.0,
    "minResTime" : 2.0,
    "maxResTime" : 32.0,
    "pct1ResTime" : 23.0,
    "pct2ResTime" : 27.0,
    "pct3ResTime" : 31.989999999999995,
    "throughput" : 132.45033112582783,
    "receivedKBytesPerSec" : 32.20716059602649,
    "sentKBytesPerSec" : 27.550703642384107
  },
  "GET Characters" : {
    "transaction" : "GET Characters",
    "sampleCount" : 100,
    "errorCount" : 0,
    "errorPct" : 0.0,
    "meanResTime" : 20.270000000000003,
    "medianResTime" : 6.0,
    "minResTime" : 2.0,
    "maxResTime" : 77.0,
    "pct1ResTime" : 76.0,
    "pct2ResTime" : 77.0,
    "pct3ResTime" : 77.0,
    "throughput" : 115.87485515643107,
    "receivedKBytesPerSec" : 29.22784798667439,
    "sentKBytesPerSec" : 14.258038818076477
  },
  "GET Char. ID" : {
    "transaction" : "GET Char. ID",
    "sampleCount" : 100,
    "errorCount" : 0,
    "errorPct" : 0.0,
    "meanResTime" : 5.970000000000001,
    "medianResTime" : 3.0,
    "minResTime" : 1.0,
    "maxResTime" : 20.0,
    "pct1ResTime" : 15.0,
    "pct2ResTime" : 17.94999999999999,
    "pct3ResTime" : 19.989999999999995,
    "throughput" : 127.2264631043257,
    "receivedKBytesPerSec" : 23.85496183206107,
    "sentKBytesPerSec" : 15.903307888040711
  },
  "Total" : {
    "transaction" : "Total",
    "sampleCount" : 500,
    "errorCount" : 0,
    "errorPct" : 0.0,
    "meanResTime" : 9.839999999999984,
    "medianResTime" : 4.0,
    "minResTime" : 1.0,
    "maxResTime" : 77.0,
    "pct1ResTime" : 22.0,
    "pct2ResTime" : 29.0,
    "pct3ResTime" : 77.0,
    "throughput" : 566.8934240362812,
    "receivedKBytesPerSec" : 129.46539292800455,
    "sentKBytesPerSec" : 103.3030399659864
  },
  "PUT Char." : {
    "transaction" : "PUT Char.",
    "sampleCount" : 100,
    "errorCount" : 0,
    "errorPct" : 0.0,
    "meanResTime" : 7.340000000000002,
    "medianResTime" : 3.0,
    "minResTime" : 1.0,
    "maxResTime" : 32.0,
    "pct1ResTime" : 18.900000000000006,
    "pct2ResTime" : 22.0,
    "pct3ResTime" : 31.93999999999997,
    "throughput" : 129.7016861219196,
    "receivedKBytesPerSec" : 29.765523670557716,
    "sentKBytesPerSec" : 29.63886186770428
  }
}